NOME,AUTOR,GENERO,EDITORA
Livro_8632,Austin Adkins,Biografia,Editora_45
Livro_5368,Michael Matthews,Policial,Editora_43
Livro_954,Karen Reed,Ação,Editora_64
Livro_453,Stephanie Soto,Autoajuda,Editora_10
Livro_9856,James Peters,Ensaio,Editora_84
Livro_8092,Robin Chapman,Ensaio,Editora_86
Livro_15,Theresa Miranda,Mistério,Editora_26
Livro_3254,Amber Lopez,Drama,Editora_47
Livro_0236,Christine Carlson,Terror,Editora_49
Livro_0973,Karen Giles,Gastronomia,Editora_94
Livro_7568,Nicholas Reyes,Fantasia,Editora_39
Livro_178,Courtney Hughes,Romance,Editora_91
Livro_563,Melinda Lewis,Religião,Editora_82
Livro_8150,Melissa Ortiz,Suspense,Editora_34
Livro_3140,Catherine Johnston,Suspense,Editora_45
Livro_3705,Jessica Lowe,Romance,Editora_43
Livro_5437,Donna Daniels,Religião,Editora_52
Livro_3912,Gerald Vazquez,Autoajuda,Editora_22
Livro_3728,Dr. Melissa Ramirez,Autoajuda,Editora_79
Livro_1205,Robert Rogers,Didático,Editora_17
Livro_6573,Dana Williams,Ensaio,Editora_94
Livro_0875,Gregory Reed,Mistério,Editora_21
Livro_4168,Trevor Kennedy,História,Editora_42
Livro_2053,Matthew Johnson,Biografia,Editora_60
Livro_7402,Patricia Shepherd,Drama,Editora_10
Livro_804,Vanessa Moreno,Autoajuda,Editora_48
Livro_0421,Kyle Pugh,Autoajuda,Editora_92
Livro_90,Melissa Benitez,Ficção Científica,Editora_62
Livro_834,Priscilla Terry,Fantasia,Editora_68
Livro_28,Lisa Guerrero DVM,Infantil,Editora_72
Livro_695,Rebecca Matthews,Policial,Editora_47
Livro_0731,Kimberly Murphy,Suspense,Editora_48
Livro_9561,James Gonzalez,Romance,Editora_71
Livro_3209,John Harris,Aventura,Editora_98
Livro_4761,Gregory Potter,Religião,Editora_83
Livro_6240,Jason Freeman,Suspense,Editora_17
Livro_4521,Ryan Reed,História,Editora_29
Livro_237,Daniel Jacobs,Romance,Editora_66
Livro_68,Angela Lee,Biografia,Editora_64
Livro_931,Ryan Reid,Suspense,Editora_44
Livro_3804,Sean Wyatt,Romance,Editora_40
Livro_906,Anthony Robertson,Drama,Editora_63
Livro_905,Robert White,Religião,Editora_46
Livro_394,Rachel Acosta,Esporte,Editora_60
Livro_502,Jeffrey Smith,Aventura,Editora_26
Livro_48,Jordan Rivera,Ação,Editora_36
Livro_4569,Jason Morales,Mistério,Editora_14
Livro_3467,Michael Thomas,Ensaio,Editora_11
Livro_784,Alicia Walker,História,Editora_84
Livro_056,Troy Diaz,Ensaio,Editora_96
Livro_018,Robert Brooks,Ficção Científica,Editora_28
Livro_348,Kyle Ramsey,Esporte,Editora_61
Livro_2704,Laurie Roberts,Romance,Editora_44
Livro_3821,John Townsend,Aventura,Editora_29
Livro_310,Antonio Weber,Fantasia,Editora_91
Livro_924,Scott Mckinney,Fantasia,Editora_29
Livro_325,Rebecca Ponce,Ficção Científica,Editora_36
Livro_64,Maria Jones,Ficção Científica,Editora_25
Livro_2691,Robert Richmond,Biografia,Editora_80
Livro_904,Elizabeth Farrell,Didático,Editora_73
Livro_136,Amber Robles PhD,Esporte,Editora_57
Livro_4513,William Newman,Esporte,Editora_26
Livro_4705,Anthony Dyer,Didático,Editora_64
Livro_610,Carl Johnson,Biografia,Editora_37
Livro_7914,Beverly Copeland,Comédia,Editora_77
Livro_83,Sherry Woodard,Infantil,Editora_67
Livro_107,Marc Thomas,Suspense,Editora_36
Livro_2874,Alyssa Anderson,Infantil,Editora_81
Livro_305,Susan Page,Suspense,Editora_78
Livro_1276,Todd Beltran,Suspense,Editora_13
Livro_918,Jon Moore,Mistério,Editora_29
Livro_957,Brian Glenn,Drama,Editora_90
Livro_69,Rachel Cox,Comédia,Editora_92
Livro_619,Dustin Rodriguez,Fantasia,Editora_68
Livro_5873,Brandon Hicks,Fantasia,Editora_43
Livro_7214,William Williams,Fantasia,Editora_12
Livro_159,Emily Mercado,Mistério,Editora_96
Livro_6582,Matthew Moran,Infantil,Editora_88
Livro_0583,Nicholas Alvarez,Drama,Editora_17
Livro_2781,Angela Ewing,Religião,Editora_73
Livro_4126,Robert Rogers,Drama,Editora_70
Livro_190,Anna Moore,Mistério,Editora_41
Livro_8427,Michael Torres,Ensaio,Editora_12
Livro_29,Jamie Ellison,Autoajuda,Editora_30
Livro_179,Brian White,Drama,Editora_28
Livro_0691,Erica Arnold,Ficção Científica,Editora_55
Livro_5937,Dale Day,Romance,Editora_59
Livro_6538,Gregory Hernandez,História,Editora_10
Livro_5460,Deanna Brooks,Religião,Editora_50
Livro_326,Karla Phillips,Infantil,Editora_22
Livro_9028,Bailey Jenkins,Infantil,Editora_78
Livro_1359,John Wilcox,Autoajuda,Editora_72
Livro_2835,Mary Burke,Policial,Editora_68
Livro_796,Stephen Rodgers,Infantil,Editora_21
Livro_527,Zachary Chapman,História,Editora_23
Livro_5180,Garrett Wang,Biografia,Editora_97
Livro_7508,James Warren,Didático,Editora_68
Livro_98,Laurie Miller,Ação,Editora_55
Livro_609,Stephanie Cameron,Religião,Editora_20
Livro_6250,Gary Sanders,Policial,Editora_14
Livro_450,Elizabeth Williams,História,Editora_71
Livro_5863,Thomas Butler,Biografia,Editora_83
Livro_8953,Lisa Anderson,Biografia,Editora_44
Livro_6704,Debbie Gonzalez,Drama,Editora_68
Livro_8045,Chris Williams,Comédia,Editora_56
Livro_37,Michael Fernandez,Ficção Científica,Editora_82
Livro_3701,Kevin Benjamin,Didático,Editora_89
Livro_92,Charles Bates,Esporte,Editora_10
Livro_6359,Steven Ponce,Comédia,Editora_76
Livro_751,James Johnson,Gastronomia,Editora_83
Livro_167,Daniel Olson,Infantil,Editora_73
Livro_456,John Chan,Romance,Editora_83
Livro_4968,Lisa Ryan,Suspense,Editora_97
Livro_7593,Matthew Gonzalez,Ficção Científica,Editora_25
Livro_6243,Virginia Miller,História,Editora_40
Livro_5921,Ashley Diaz,Suspense,Editora_47
Livro_49,Bridget Mills,Suspense,Editora_68
Livro_06,Ashley Schroeder,Ação,Editora_79
Livro_2047,Tristan Ramsey,Aventura,Editora_92
Livro_395,Phillip Rogers,Esporte,Editora_13
Livro_84,Nancy Singh,Biografia,Editora_24
Livro_2367,Darryl Moore,Didático,Editora_37
Livro_485,Carlos Rodriguez,Terror,Editora_60
Livro_7320,Phillip Green,Ensaio,Editora_25
Livro_1456,Angela Sparks,Ação,Editora_48
Livro_354,Sheila Washington,Religião,Editora_49
Livro_673,Sarah Scott,Terror,Editora_75
Livro_8076,Regina Davis,Suspense,Editora_48
Livro_5948,Jeremy Jackson,Romance,Editora_54
Livro_3491,Kyle Erickson,Didático,Editora_29
Livro_601,Makayla Anderson,Comédia,Editora_97
Livro_6347,Heather Nunez,Gastronomia,Editora_37
Livro_52,Scott Monroe,Religião,Editora_18
Livro_851,Stephanie Rios,Aventura,Editora_38
Livro_043,Kenneth Powell,História,Editora_32
Livro_097,Kristy Baxter,Religião,Editora_56
Livro_2309,Travis Powell,Ficção Científica,Editora_81
Livro_6829,Jessica Young,Policial,Editora_64
Livro_9170,Caroline Murphy,Ficção Científica,Editora_15
Livro_2635,Samantha Williams,Aventura,Editora_61
Livro_7506,Jonathan Allen,Ficção Científica,Editora_88
Livro_658,Teresa Hines,Didático,Editora_66
Livro_7269,Wendy Gross,Suspense,Editora_88
Livro_0392,Kimberly Miller,Terror,Editora_11
Livro_659,Kaitlin Davis,História,Editora_59
Livro_012,Timothy Peterson,História,Editora_28
Livro_876,Kevin Hamilton,Mistério,Editora_47
Livro_716,Alyssa Bridges,Esporte,Editora_96
Livro_570,Michelle Strickland,Romance,Editora_76
Livro_3948,Madeline Ruiz,Terror,Editora_55
Livro_139,Gail Morgan,Mistério,Editora_34
Livro_6895,Cassandra Martinez,Gastronomia,Editora_92
Livro_263,Melissa Henderson,Comédia,Editora_33
Livro_6327,Jose Fernandez,Terror,Editora_59
Livro_1473,Amy Brown,Infantil,Editora_83
Livro_19,Stephanie Reyes,Terror,Editora_92
Livro_47,Max Pope,Drama,Editora_13
Livro_94,Timothy Moore,Mistério,Editora_18
Livro_4280,Thomas Guerrero,Terror,Editora_22
Livro_7926,Kyle Gardner,História,Editora_89
Livro_108,Brett Mcbride,Mistério,Editora_59
Livro_4905,Julie Fitzgerald,Ficção Científica,Editora_91
Livro_683,Richard Hudson,Biografia,Editora_79
Livro_836,Andre Klein,Ensaio,Editora_53
Livro_591,Melanie Brown,Aventura,Editora_70
Livro_1904,Gabriel Brooks,Comédia,Editora_75
Livro_81,Natalie Hardy,Religião,Editora_21
Livro_6470,Michael Humphrey,Mistério,Editora_75
Livro_3196,Isaac Moore,Autoajuda,Editora_92
Livro_412,Michael Williams,Policial,Editora_79
Livro_051,Devon Floyd,Romance,Editora_17
Livro_154,Cory Mcintyre,Autoajuda,Editora_55
Livro_725,Christopher Patton,Didático,Editora_81
Livro_742,Gerald White,Ação,Editora_67
Livro_6390,Jennifer Carter,Infantil,Editora_90
Livro_4385,Eddie Warren,Autoajuda,Editora_38
Livro_3890,Robert Cook,Policial,Editora_80
Livro_86,William Cox,Didático,Editora_59
Livro_0439,Derrick Beck,Ação,Editora_63
Livro_8932,Debra Schneider,Ação,Editora_85
Livro_036,Elizabeth Boone,Mistério,Editora_17
Livro_650,Alejandra Walker,Religião,Editora_65
Livro_0761,Jason Greene,Suspense,Editora_21
Livro_5169,Kari Romero,Drama,Editora_43
Livro_723,Priscilla Taylor,Romance,Editora_74
Livro_023,Jared Smith,Aventura,Editora_51
Livro_43,Ashley Baker,Esporte,Editora_49
Livro_8106,Krystal Bradley,Romance,Editora_73
Livro_9803,Stacy Cole,Ação,Editora_14
Livro_8279,Michael Alexander,Terror,Editora_21
Livro_134,Stephen Todd,Ficção Científica,Editora_61
Livro_4725,Robin Young,Terror,Editora_97
Livro_5179,Brent Rodriguez,Mistério,Editora_81
Livro_7059,Erin Brown,Mistério,Editora_40
Livro_7256,Molly Ballard,Suspense,Editora_55
Livro_58,Kristen Wilson,Esporte,Editora_76
Livro_9815,Andrew Williams,Policial,Editora_81
Livro_39,Charles Williams,Ação,Editora_58
Livro_715,Amy Austin,Gastronomia,Editora_83
Livro_027,Michael Castillo,Infantil,Editora_46
Livro_9012,Tiffany Foster,Autoajuda,Editora_53
Livro_42,James Burns,Mistério,Editora_31
Livro_569,Andrew Moreno,Ação,Editora_41
Livro_02,Adam Obrien,Didático,Editora_54
Livro_407,Cameron Mckee,Suspense,Editora_30
Livro_603,Brandon Rodriguez,Suspense,Editora_44
Livro_5198,Alexa Gibson,Esporte,Editora_15
Livro_3614,Todd Warren,Policial,Editora_47
Livro_689,Lisa Hernandez,Esporte,Editora_25
Livro_345,Craig Huff,Terror,Editora_83
Livro_13,David Hughes,Religião,Editora_46
Livro_17,Amy Silva,Ação,Editora_30
Livro_654,Tyler Brown,Biografia,Editora_81
Livro_983,Alexa Mcdonald,Biografia,Editora_50
Livro_0547,Scott Bailey,Romance,Editora_21
Livro_41,Kevin Palmer,Comédia,Editora_75
Livro_6403,Mark Lopez,Infantil,Editora_32
Livro_275,Willie Hunter,Biografia,Editora_62
Livro_26,Olivia Hernandez,Esporte,Editora_69
Livro_89,Kim Benitez,Suspense,Editora_64
Livro_820,Clifford Riley,Romance,Editora_16
Livro_57,Jerry Wilson,Terror,Editora_11
Livro_594,Christina Wyatt,Aventura,Editora_68
Livro_0593,Brandi Green,Religião,Editora_32
Livro_732,Kelly Cook,Gastronomia,Editora_64
Livro_361,Roy Williams,Fantasia,Editora_56
Livro_7542,Michael Vega,Fantasia,Editora_61
Livro_71,Jonathan Tyler,Policial,Editora_20
Livro_9508,Sara Henderson,Infantil,Editora_43
Livro_4279,Shane Martinez,Esporte,Editora_22
Livro_34,Maria Hamilton,Fantasia,Editora_32
Livro_231,Karen Green,Mistério,Editora_57
Livro_857,Carlos Golden,História,Editora_63
Livro_85,Melissa Mullen,Drama,Editora_94
Livro_3702,James Obrien,Didático,Editora_10
Livro_706,Steven Hines,Policial,Editora_76
Livro_197,Jordan Clements,Policial,Editora_73
Livro_943,Diana Larsen,Fantasia,Editora_82
Livro_824,Joseph Flores,Mistério,Editora_94
Livro_614,Janice Woods,Terror,Editora_19
Livro_260,Carrie Martin,Didático,Editora_78
Livro_765,Elizabeth Gibson,Ação,Editora_34
Livro_8290,Shelby Davidson,Drama,Editora_82
Livro_576,Maria Walker,História,Editora_13
Livro_392,Jacob Hall,Policial,Editora_68
Livro_6831,Alexis Phillips,Aventura,Editora_18
Livro_8390,Eric Nguyen,Autoajuda,Editora_50
Livro_7291,Joseph Pearson,Biografia,Editora_84
Livro_8901,Daniel Hart,Gastronomia,Editora_71
Livro_25,Mr. Matthew Bell,Ficção Científica,Editora_89
Livro_4097,Audrey Owens,Mistério,Editora_16
Livro_508,Jason Hartman,História,Editora_35
Livro_846,Joseph Stephens,Drama,Editora_99
Livro_935,Benjamin Mayo,Ensaio,Editora_15
Livro_3687,John Johnson,Ficção Científica,Editora_81
Livro_4731,Wendy Rowe,Drama,Editora_66
Livro_5871,Tamara Garcia,Ensaio,Editora_27
Livro_459,Scott Wiley,Religião,Editora_46
Livro_3650,Robin Ramsey,Biografia,Editora_43
Livro_9052,Victor Ramirez,Terror,Editora_69
Livro_270,Brandon Turner,Fantasia,Editora_58
Livro_719,Kevin Jenkins,Ficção Científica,Editora_49
Livro_9730,Jared Watson,Religião,Editora_52
Livro_950,John Ali,Gastronomia,Editora_28
Livro_173,Kristina Brown,Fantasia,Editora_13
Livro_67,James Parsons,Aventura,Editora_96
Livro_6235,Samantha Lee,Mistério,Editora_61
Livro_607,Kristopher Banks,Suspense,Editora_23
Livro_792,Samantha Cooper,Gastronomia,Editora_41
Livro_0316,Brandy Robertson,Religião,Editora_11
Livro_4610,Robert Torres,Romance,Editora_36
Livro_467,Michelle Mcbride,Didático,Editora_61
Livro_0697,Danielle Bean,Romance,Editora_89
Livro_5943,Joshua Nunez,História,Editora_69
Livro_0381,Charlene Stevenson,Suspense,Editora_72
Livro_140,Steven Bell,Mistério,Editora_60
Livro_5927,Frederick Monroe,Religião,Editora_37
Livro_2341,Nicholas Brewer,Mistério,Editora_80
Livro_752,Crystal Rich,Infantil,Editora_41
Livro_5138,Michael Cervantes,Ficção Científica,Editora_24
Livro_63,Michael Brown,Fantasia,Editora_14
Livro_5423,Willie Lambert,Didático,Editora_72
Livro_3945,Samantha Bell,Esporte,Editora_39
Livro_6241,Jennifer Burke,Policial,Editora_10
Livro_413,Jasmine Morse,Fantasia,Editora_63
Livro_9603,James Peters,Aventura,Editora_62
Livro_9287,Christopher Yoder,Romance,Editora_46
Livro_0127,Abigail Dougherty,Religião,Editora_29
Livro_08,Marie Mckee,Infantil,Editora_15
Livro_908,Logan Coleman,Fantasia,Editora_86
Livro_97,Karen Klein,Gastronomia,Editora_59
Livro_07,Jennifer Thompson DDS,Romance,Editora_81
Livro_2674,Kevin Haley,Fantasia,Editora_19
Livro_2534,Beth Yates,Didático,Editora_32
Livro_9162,Mary Ross,Aventura,Editora_67
Livro_46,Jacob Russell,Infantil,Editora_54
Livro_2530,Marcus Campbell,Religião,Editora_53
Livro_7903,Micheal Owens,Ação,Editora_18
Livro_324,Emily Anderson,Policial,Editora_56
Livro_064,Roberta French,Didático,Editora_57
Livro_164,Gina Taylor,Biografia,Editora_20
Livro_31,Matthew Haney,Romance,Editora_63
Livro_892,Duane Edwards,Esporte,Editora_64
Livro_3214,Michelle Elliott MD,Romance,Editora_12
Livro_51,Debra Perez,Aventura,Editora_47
Livro_910,Rita Nguyen,Didático,Editora_45
Livro_9872,Richard Ford Jr.,Esporte,Editora_56
Livro_0638,Ryan Freeman,Policial,Editora_68
Livro_638,Terry Howard,Esporte,Editora_93
Livro_795,Frederick Monroe,Fantasia,Editora_89
Livro_803,Ashley Dennis,História,Editora_16
Livro_184,Amber White,Didático,Editora_63
Livro_3684,Erica Rose DVM,Ensaio,Editora_12
Livro_2780,Sara Harris,Comédia,Editora_72
Livro_985,Frances Whitaker,Religião,Editora_29
Livro_9074,John Foster DDS,Ensaio,Editora_74
Livro_7350,Albert Butler,Mistério,Editora_21
Livro_458,Brett Sanders,Gastronomia,Editora_99
Livro_3095,Shannon Mccann DDS,Policial,Editora_82
Livro_845,Emily Brennan,Esporte,Editora_76
Livro_130,Anthony Jones,Autoajuda,Editora_97
Livro_9371,Robin Tran,Autoajuda,Editora_85
Livro_5264,Mr. Guy Gibson,Esporte,Editora_70
Livro_347,Sarah Smith,Romance,Editora_99
Livro_975,Eric Brown,Gastronomia,Editora_71
Livro_4780,Brian Page,Terror,Editora_66
Livro_435,Deborah West,Infantil,Editora_96
Livro_479,Adrienne Savage,Suspense,Editora_50
Livro_7195,Kristen Bowman,Biografia,Editora_90
Livro_3961,Brent Kelly,Comédia,Editora_73
Livro_278,Megan Pierce,Romance,Editora_17
Livro_40,Ana Holder,Didático,Editora_96
Livro_9460,Michael Lewis,Didático,Editora_92
Livro_50,Jennifer Spencer,Ensaio,Editora_74
Livro_8312,Christopher Rodgers,Policial,Editora_38
Livro_5219,Thomas Gallagher,Infantil,Editora_81
Livro_946,Christopher Hart,Terror,Editora_32
Livro_8307,Jonathan Barrera,Fantasia,Editora_41
Livro_736,Edward Lopez,Ensaio,Editora_92
Livro_04,James Lewis,Gastronomia,Editora_34
Livro_2073,Tracy Martin,Ação,Editora_94
Livro_95,Richard Campbell,Terror,Editora_21
Livro_561,Michael Rodriguez,Terror,Editora_86
Livro_891,Christina Ramirez,História,Editora_59
Livro_27,Emily Cannon,Didático,Editora_15
Livro_8396,Valerie Vazquez,Comédia,Editora_48
Livro_684,Rebecca Ramos,Ensaio,Editora_37
Livro_674,Bonnie Shaw DVM,Suspense,Editora_77
Livro_09,Andrea Fischer,Didático,Editora_21
Livro_38,Jocelyn Patton,Romance,Editora_98
Livro_7429,Tamara Turner,Romance,Editora_94
Livro_4207,Austin Bryant,Infantil,Editora_80
Livro_05,Amanda Singh,Infantil,Editora_48
Livro_5308,James Rice,Didático,Editora_45
Livro_367,Andrew Cole,Suspense,Editora_96
Livro_8549,Tina Choi,Autoajuda,Editora_27
Livro_5482,Kenneth Harvey,Drama,Editora_99
Livro_82,Leonard Thompson,Ensaio,Editora_83
Livro_0142,Kathy Moore,Romance,Editora_54
Livro_512,Kevin Gilbert,Didático,Editora_51
Livro_4613,Antonio Lopez,Comédia,Editora_96
Livro_416,Linda Rice,Aventura,Editora_83
Livro_256,Mark Mendoza,Ensaio,Editora_39
Livro_8056,Debra Gilbert,Biografia,Editora_57
Livro_53,Bruce Young,Terror,Editora_49
Livro_0749,Charles Mccullough,Esporte,Editora_59
Livro_0932,Joshua Rodriguez,Fantasia,Editora_34
Livro_61,Sheila Williams,Mistério,Editora_85
Livro_490,Lisa Perkins,Mistério,Editora_51
Livro_1657,Martin Lee,Infantil,Editora_17
Livro_921,Dorothy Williams,Ficção Científica,Editora_94
Livro_5149,Cheryl Green,Autoajuda,Editora_48
Livro_72,Phillip Martin,Mistério,Editora_49
Livro_054,Heather Lewis,Gastronomia,Editora_54
Livro_0918,Sarah Peters,Biografia,Editora_10
Livro_4157,Ms. Shannon Newman,Fantasia,Editora_43
Livro_965,Jon Clark,Drama,Editora_20
Livro_074,Scott Ewing,História,Editora_84
Livro_73,Timothy Grant,Suspense,Editora_98
Livro_287,Sydney Wagner,Autoajuda,Editora_29
Livro_56,Brenda Johnson MD,Ficção Científica,Editora_66
Livro_3970,Thomas Ball,Policial,Editora_44
Livro_264,Eric Mcknight,Ficção Científica,Editora_82
Livro_987,Todd Phillips,Terror,Editora_95
Livro_713,Judy Barrett,Ação,Editora_43
Livro_137,Madison Martinez,Didático,Editora_54
Livro_0836,Todd Sanchez,Ensaio,Editora_95
Livro_427,Christopher Johnson,Didático,Editora_26
Livro_1643,Steven Little,Esporte,Editora_83
Livro_327,Carol Zamora,Fantasia,Editora_12
Livro_2135,Jason Day,Infantil,Editora_88
Livro_901,Lindsay Bridges,Policial,Editora_63
Livro_9427,Lisa Green,Aventura,Editora_77
Livro_1608,Bailey Shannon,Drama,Editora_23
Livro_268,Priscilla Hudson,História,Editora_29
Livro_8213,Diane Valencia,Biografia,Editora_23
Livro_390,Hailey Hall,Aventura,Editora_67
Livro_6057,Casey Craig,Ficção Científica,Editora_51
Livro_870,Angela Jones,Ação,Editora_63
Livro_1876,Kimberly Gillespie,Policial,Editora_85
Livro_24,Rachael Robinson,Ação,Editora_70
Livro_0971,Brian Schneider,Ação,Editora_46
Livro_76,Sarah Harvey,Suspense,Editora_61
Livro_429,Marilyn Church,Fantasia,Editora_62
Livro_540,Maria Price,Mistério,Editora_46
Livro_6790,Debra Murray,Fantasia,Editora_95
Livro_96,Harold Figueroa,Aventura,Editora_50
Livro_807,Christina Frazier,Biografia,Editora_80
Livro_0524,Natalie Weaver,Mistério,Editora_63
Livro_5698,Michael Love,Gastronomia,Editora_59
Livro_0796,Dylan Alvarez,Terror,Editora_54
Livro_59,Robert Daniels,Autoajuda,Editora_83
Livro_4865,Mario Zhang,Suspense,Editora_46
Livro_8309,Dawn Chambers,Ensaio,Editora_70
Livro_6174,Karen Wood,Infantil,Editora_43
Livro_793,Trevor Price,Ação,Editora_93
Livro_7896,Gina Wilson,Religião,Editora_20
Livro_6812,Jason Snyder,Drama,Editora_75
Livro_23,Benjamin Drake,Ação,Editora_30
Livro_5036,David Reyes,Ação,Editora_48
Livro_346,Jasmine Powell,História,Editora_51
Livro_54,Amy Young,Didático,Editora_30
Livro_521,Courtney Reeves,Autoajuda,Editora_76
Livro_0241,Pamela Miller,Comédia,Editora_87
Livro_948,John Evans,Infantil,Editora_84
Livro_967,Victor Morgan,Suspense,Editora_30
Livro_6140,Joel Thompson,Terror,Editora_23
Livro_2804,Jaclyn Mcintosh,Religião,Editora_95
Livro_65,Jacqueline Roth,Gastronomia,Editora_66
Livro_341,Kevin Scott,Biografia,Editora_47
Livro_16,Lauren Grant,Aventura,Editora_94
Livro_0753,Gordon Walsh,Esporte,Editora_53
Livro_6590,Emily Neal,Drama,Editora_51
Livro_628,Christopher Johnson,Drama,Editora_46
Livro_4598,Kevin Griffin,Terror,Editora_23
Livro_3974,Christina Myers,Terror,Editora_28
Livro_5783,Emily Patton,Ensaio,Editora_96
Livro_871,Jessica Ayers,Aventura,Editora_10
Livro_941,Kenneth Spencer,Ação,Editora_34
Livro_916,Mrs. Michelle Bender,História,Editora_47
Livro_0682,Aaron Hayes,Religião,Editora_69
Livro_542,Daniel Garcia,Drama,Editora_22
Livro_1526,Wanda Waller,Gastronomia,Editora_10
Livro_813,Stephen Allen,Didático,Editora_47
Livro_30,Kevin Fernandez,Drama,Editora_30
Livro_7236,Angela White,Policial,Editora_14
Livro_480,Ralph Martin,Biografia,Editora_46
Livro_03,William Stewart,Romance,Editora_23
Livro_7598,Michael Olson,Ficção Científica,Editora_54
Livro_401,Jon Clark,Ficção Científica,Editora_57
Livro_80,Robert Nelson,Comédia,Editora_83
Livro_93,Jennifer Ramirez,Autoajuda,Editora_25
Livro_6719,Gary Knox,Aventura,Editora_72
Livro_295,Alison Torres,Suspense,Editora_71
Livro_74,Gregory Duffy,Ação,Editora_76
Livro_5039,Katie Wilson,Autoajuda,Editora_69
Livro_18,Ms. Misty Graham,Esporte,Editora_11
Livro_652,Joshua Gillespie,Fantasia,Editora_15
Livro_7036,George Mendez,Gastronomia,Editora_64
Livro_286,Madeline Bennett,Infantil,Editora_50
Livro_548,Larry Mullins,Suspense,Editora_51
Livro_0687,Teresa Mendoza,Religião,Editora_31
Livro_1345,Nicolas West,Autoajuda,Editora_96
Livro_75,Michael Ferguson,Infantil,Editora_66
Livro_10,Justin Castillo,Biografia,Editora_80
Livro_5071,Nicholas Phillips,Fantasia,Editora_70
Livro_928,Catherine Bishop,Autoajuda,Editora_87
Livro_890,Richard Norton,Autoajuda,Editora_69
Livro_3027,Melissa Rodriguez,Drama,Editora_12
Livro_246,Courtney Olsen,Biografia,Editora_27
Livro_9103,Raymond Fuller,Fantasia,Editora_42
Livro_067,Steven Long,História,Editora_18
Livro_6921,Ashley Thomas,Ficção Científica,Editora_18
Livro_840,Michele Whitney,Mistério,Editora_92
Livro_643,Jonathan Crawford,Terror,Editora_48
Livro_241,Michelle Smith,Biografia,Editora_53
Livro_12,Frederick Franco,Policial,Editora_74
Livro_3167,John Lopez,Romance,Editora_86
Livro_60,Larry Vaughn,Religião,Editora_56
Livro_9384,Richard Graham,Gastronomia,Editora_79
Livro_947,Timothy Cohen,Esporte,Editora_51
Livro_0914,Mr. Ryan Howard,Romance,Editora_24
Livro_805,Carmen Thomas,Infantil,Editora_76
Livro_0168,Melissa Cain,Policial,Editora_69
Livro_013,Tracey Jones,Infantil,Editora_73
Livro_726,William Maldonado,Comédia,Editora_75
Livro_6781,Linda Peters,Ação,Editora_97
Livro_36,Amy Adams,História,Editora_64
Livro_01,Yolanda Cross,Esporte,Editora_60
Livro_5632,Margaret Richardson,Policial,Editora_28
Livro_812,Steven Reyes,Policial,Editora_67
Livro_14,David Thompson,Suspense,Editora_41
Livro_0132,Brandon Holmes,Esporte,Editora_92
Livro_2137,Dylan Wood,Autoajuda,Editora_52
Livro_0256,Alicia Johnson,História,Editora_32
Livro_2394,Seth Harris,Esporte,Editora_99
Livro_5274,Charles Nguyen,História,Editora_42
Livro_70,Wanda Santana,Gastronomia,Editora_75
Livro_978,Olivia Taylor,Comédia,Editora_59
Livro_20,James Arellano,Fantasia,Editora_71
